Podcast / Media,URL,Additional Media,Title,Description,Format,Industry,Tags,Organization,Organization URL,Organization Description,Theme,Live,Date,Format (Audio/Video),Media Type
Podcasts,,,,,,,,,,,,,,,
Trigify,https://www.youtube.com/watch?v=p4rHMsdGLD8,-,How To Master Online Growth Hacking,"Growth hacking is a repeatable system, not a lucky win. Breaks down how to run fast experiments, track real signals, and build momentum through smart funnels, analytics, and rapid iteration.",Webinar,"Startups, B2B SaaS, Marketing, Technology, Growth","Growth Hacking, Experimentation, Funnel Optimization, Analytics, Acquisition",Trigify,https://trigify.io,"AI-powered social listening for B2B marketing, product, and sales teams",Digital Marketing Sales,Live,2025-03-11,Video,Podcast
Go Work Wherever Podcast,https://goworkwherever.com/podcast/inovare/124-born-an-entrepreneur-with-guest-taylor-ryan/,https://goworkwherever.com/podcast/,Born an Entrepreneur (Episode 124),"A founder story with the messy parts left in. Covers early-stage startup life, career pivots, and what it actually takes to keep shipping when you’re building from scratch in a new country.","Podcast, Interview","Entrepreneurship, Startups, Remote Work, Career, Lifestyle Design","Entrepreneurship, Founder Journey, Remote Work, Startup Life, Career Pivots",Go Work Wherever,https://goworkwherever.com,"Podcast teaching remote work skills, automation, and productivity for modern professionals",Start-ups and Entrepreneurship,Live,2020-10-05,Audio,Podcast
My Worst Investment Ever Podcast,https://www.youtube.com/watch?v=zsi34H-h5uI,https://podcasts.apple.com/us/podcast/taylor-ryan-your-customers-can-validate-your-startup/id1416554991?i=1000515441975,"Taylor Ryan: Your Customers Can Validate Your Startup Ideas, Talk to Them","A startup failure that hits every founder nerve: building first, validating later. Walks through customer discovery, market proof, and the financial basics most startups ignore until it hurts.","Podcast, Interview","Startups, Entrepreneurship, Investing, Business Strategy, Finance","Customer Discovery, Product Validation, Startup Failure, Market Research, Founder Lessons",My Worst Investment Ever Podcast,https://myworstinvestmentever.com,Podcast turning startup and investing failures into practical lessons and playbooks,Start-ups and Entrepreneurship,Live,2021-04-01,Video,Podcast
The Jeff Bullas Show,https://www.youtube.com/watch?v=iA5AEW0by0o,https://www.jeffbullas.com/podcasts/34-the-art-of-persistence/,The Art of Persistence: An Entrepreneur Who Doesn’t Stop Trying (Episode 34),"Persistence beats talent when the plan falls apart. A wide-ranging founder conversation on learning by doing, building a career through experimentation, and staying dangerous when budgets, time, and certainty are missing.","Podcast, Interview","Entrepreneurship, Marketing, Startups, Leadership, Personal Development, SaaS","Persistence, Resilience, Learning-by-Doing, Growth Mindset, Career Strategy",JeffBullas.com,https://www.jeffbullas.com,Media platform and podcast for digital entrepreneurs in an AI-driven world,Leadership,Live,2024-06-13,Video,Podcast
Pantrium,https://youtu.be/UDfQxvlZEc4,https://creators.spotify.com/pod/profile/pantrium/episodes/Are-You-Learning-Quickly-Enough-to-Succeed-with-Taylor-Ryan-e2rkn4i,Are You Learning Quickly Enough to Succeed? (with Taylor Ryan),"Turn fast learning into a competitive advantage, sharpen your founder instincts, and build momentum through better decisions. Covers career pivots, risk-taking, storytelling that sells, and using lightweight AI tools to scale output without burning out.",Podcast interview,"Entrepreneurship, Career Development, AI & Automation, Consulting, Leadership","Adaptability, Founder Mindset, Learning Loops, AI Tools, Storytelling, Career Growth",Pantrium (Truth of Business Leadership),https://pantriumpodcast.com,"Business leadership podcast featuring operators, founders, and modern career stories",AI and Automation,Live,2024-11-28,Video,Podcast
Ready Layer One Podcast,https://youtu.be/XyFZk0xVBU8,https://creators.spotify.com/pod/profile/readylayerone/episodes/What-is-crypto-marketing-in-web3--NEAR-Protocol-Marketing-DAO-Taylor-Ryan-is-all-about-having-a-real-marketing-plan-for-your-web3-project-e1n7gmh,What Is Crypto Marketing in Web3? (NEAR Protocol Marketing DAO),"Breaks down what “real marketing” looks like in Web3 when attention is expensive and trust is everything. Gets tactical on GTM planning, community flywheels, conversion thinking, and why DAOs still need grown-up funnels, positioning, and retention.",Podcast,"Web3, Crypto, Blockchain, Marketing, Community, Startups","Crypto Marketing, DAO Strategy, Go-to-Market, Community Growth, Growth Loops, Retention",Ready Layer One Podcast,https://readylayeronepodcast.com,"Web3 podcast focused on builders, ecosystem growth, and crypto culture",Blockchain Crypto and Web3,Live,2022-09-06,Video,Podcast
Wild User Interviews,https://player.fm/series/wild-user-interviews-podcast-wuipod/ep-029-professional-marketing-personal-growth-w-taylor-ryan,https://open.spotify.com/episode/2RZksvSgj9kImKLwUqvOdC,Ep. 029: Professional Marketing & Personal Growth (with Taylor Ryan),"A no-fluff conversation on marketing fundamentals that actually move revenue, paired with the mindset required to stay sharp as markets shift. Mixes career lessons, leadership habits, and what separates “busy marketing” from outcomes.",Podcast interview,"Web3, Marketing, Startups, Personal Development, Community","Marketing Strategy, Growth Mindset, Leadership, Career Lessons, Execution, Personal Growth",Wild User Interviews (Wuipod),https://open.spotify.com/show/243F5C7ESNgjjf9mr6y4a4,Long-form interviews with product-minded builders and Web3 founders,Blockchain Crypto and Web3,Live,2023-01-09,Audio,Podcast
Nordic Fintech Magazine,https://youtu.be/2edaVii2Y8k,https://nordicfintechmagazine.com/the-ownership-economy-how-web3-will-change-the-game-for-business-and-finance-taylor-ryan-general-manager-of-layer-three-ventures-ceo-at-klint/,The Ownership Economy: How Web3 Will Change the Game for Business and Finance,"A high-energy deep dive into the ownership economy, where users become stakeholders and assets get put to work through DeFi. Covers token incentives, liquidity pools, yield mechanics, and how decentralization rewires finance, payments, and online value creation.","Interview article, video","Fintech, Web3, Crypto, Finance, Innovation, Startups","Ownership Economy, DeFi, Token Incentives, Payments, Liquidity, Future of Finance",Nordic Fintech Magazine,https://nordicfintechmagazine.com,"Nordic media covering fintech innovation, future finance, and emerging tech",Blockchain Crypto and Web3,Live,2022-08-16,Video,Podcast
The Product Startup Podcast,https://castbox.fm/episode/092:-Making-a-Product-Video-for-Your-Invention-id2516750-id421465971?country=us,https://open.spotify.com/episode/5knS9WU7K5RuMIY0Kxz9d0,092: Making a Product Video for Your Invention,"How to create a product video that sells the dream and drives action, even on a lean budget. Covers messaging, hooks, simple production workflows, and distribution tactics so inventors can launch faster and convert more customers.",Podcast interview,"Product Development, Hardware Startups, Marketing, Content, E-commerce","Product Video, Messaging, Storytelling, Launch Strategy, Conversion, Content Strategy",Mako Design,https://www.makodesign.com/,"Product development firm helping inventors build, validate, and launch products",Product,Live,2021-07-20,Audio,Podcast
Marketing Minimalism Podcast,https://podtail.com/podcast/marketing-minimalism/,https://open.spotify.com/show/5tXZbfgUAfhpu8FAdWl0qK,Guest Host Taylor Ryan: Never Start From Zero,"A practical reset for founders who feel behind, overloaded, or stuck. Focuses on simplifying your marketing into repeatable systems, finding traction without chaos, and building progress you can actually maintain.",Podcast,"Marketing, Startups, Entrepreneurship, Small Business, Growth","Lean Marketing, Prioritization, Systems Thinking, Founder Playbook, Channel Strategy",Marketing Minimalism,https://open.spotify.com/show/5tXZbfgUAfhpu8FAdWl0qK,No-fluff marketing lessons for founders and small business operators,Start-ups and Entrepreneurship,Live,2022-02-08,Audio,Podcast
The Giraffe Social Media Podcast,https://youtu.be/w5CLgAc_Ac8,https://www.listennotes.com/podcasts/the-giraffe-social/72-interview-with-klint-T_ZcYHSjOQi/,72: Interview with Klint (Taylor Ryan),"A tactical conversation on building social media that actually performs, not just posts that fill a calendar. Digs into content planning, engagement mechanics, and how brands turn consistency into compounding growth.",Podcast interview,"Social Media, Digital Marketing, Agencies, SaaS, Entrepreneurship","Social Strategy, Content Planning, Engagement, Community Building, Growth Marketing",Giraffe Social Media,https://www.giraffesocialmedia.co.uk/,UK social media marketing agency and education brand,Digital Marketing Sales,Live,2021-10-25,Video,Podcast
Adori Labs,https://podcasts.adorilabs.com/show/e?eid=I5GguJbp1Eo06EJd,,Marketing Expedition Podcast,"Marketing strategy and founder-style execution, told through “expedition” stories and practical lessons. Built for operators who want direction, not theory.","Podcast, Interview","Marketing, Innovation, Entrepreneurship","Marketing Strategy, Growth, Storytelling, Founder Journey",Adori Labs,https://adorilabs.com,Conversation intelligence and voice AI for teams,AI and Automation,Dead,2022-11-08,Audio,Podcast
Marketing Expedition Podcast,https://youtu.be/cI18Of4Ugcg,,Secrets to Growing and Scaling Your Business,"How to grow without chaos: building a real system for acquisition, momentum, and scale. Focused on the habits, frameworks, and decisions that separate “busy” from “growing.”","Video, Interview","Business Growth, Marketing, Startups","Scaling, Growth Strategy, Marketing Systems, Leadership, Revenue Growth",Peppershock Media,https://peppershockmedia.com,Marketing and video agency for growing brands,Digital Marketing Sales,Live,2021-12-23,Video,Podcast
Social Media Sucks Podcast,https://youtu.be/puR2_pZ9Mq0?si=6DSQjMkkvYTiuk4X,https://www.kubbco.com/podcast/growth-hacking-and-digital-marketing-w-taylor-ryan,Growth Hacking & Digital Marketing,"The real mechanics behind growth hacking: how to stack experiments, measure what matters, and avoid “vanity marketing.” Practical tactics, channel truth, and what actually scales.","Podcast, Interview","Social Media, Marketing, SaaS","Growth Hacking, Digital Marketing, Funnels, Experimentation, Startup Tactics",Kubbco,https://www.kubbco.com,Paid social agency for ecommerce growth,Digital Marketing Sales,Live,2022-01-14,Video,Podcast
SaaS-Story in the Making Podcast,https://youtu.be/SBr5IeFW-ZI,,The #1 Marketing Thing You Need As a Startup,"Startup marketing fundamentals that founders skip too often: positioning, momentum, and how to build a growth engine before you “need” one. Lean, ruthless, and execution-first.",Video,"SaaS, Startups, Marketing","SaaS Marketing, Startup Growth, Positioning, Acquisition, Strategy",Matt Wolach,https://www.youtube.com/@MattWolach,SaaS sales and growth content,Start-ups and Entrepreneurship,Live,2022-04-22,Video,Podcast
Matt Wolach Tips Podcast,https://www.youtube.com/watch?v=SBr5IeFW-ZI,https://tips.mattwolach.com/why-marketing-is-key-to-every-startups-growth/,Why Marketing Is Key to Every Startup’s Growth,"Why “marketing later” is how startups die slowly. Covers the role of message clarity, consistent distribution, and building demand early so the product actually gets a shot at winning.",Blog Post,"Startups, Marketing, SaaS","Startup Marketing, Growth Strategy, Messaging, Lead Gen, Positioning",Matt Wolach Tips,https://tips.mattwolach.com,Practical SaaS growth and revenue tips,Start-ups and Entrepreneurship,Live,2021-12-08,Video,Podcast
Invisible Innovation Show,https://anchor.fm/adi-mazor-kario/episodes/Growth-Secrets-Winning-Innovation--Taylor-Ryan-e191r64,https://www.youtube.com/watch?v=axAOc-wffVY,Growth Secrets: Winning Innovation,"Growth hacking as an innovation lever: how to build a culture of experimentation, ship faster, and create learning loops that outperform “big planning” every time.","Podcast, Interview","Innovation, Entrepreneurship, Marketing","Innovation Strategy, Growth Hacking, Experimentation, Startup Lessons, Systems Thinking",Invincible Innovation,https://invincibleinnovation.com,Innovation podcast and community,Corporate Innovation,Live,2021-06-20,Video,Podcast
Boost Roas,https://youtu.be/KqIX7Qgpkn8,,"SEO Quick Wins, Tools, Hacks, and More","Quick-hit SEO tactics you can deploy fast: high-leverage fixes, tool workflows, and the kind of “small wins” that compound into serious organic growth.",Video Series,"SEO, Digital Marketing","SEO, Organic Growth, Technical SEO, Tools, Quick Wins",BoostROAS,https://www.youtube.com/@BoostROAS,SEO and performance marketing content,Digital Marketing Sales,Live,2021-12-07,Video,Podcast
MarketingLab Podcast,https://open.spotify.com/episode/6DdD8AzJEQ3DckTM02UH5e?si=Fodxs5LHT1O2vsdbVL4O7Q&dl_branch=1&nd=1,,Unlocking Growth Hacking,"A tactical deep dive into growth hacking frameworks, measurement, and how to build repeatable experiments instead of random marketing chaos.","Podcast, Interview","Digital Marketing, Startups, Analytics","Growth Hacking, Experimentation, Funnels, Analytics, Scaling",Marketing Laboratory,https://marketinglab.dk,Danish growth marketing agency and podcast,Digital Marketing Sales,Live,2021-06-25,Audio,Podcast
Startup Club,https://www.joinclubhouse.com/event/MEpA2NE3,,Marketing for Digital Startups,"A live-room style discussion on what actually works early: picking channels, validating fast, and building traction without pretending you have infinite time or budget.","Live Audio, Discussion","Startups, Marketing, Community","Startup Marketing, Community, Growth Tactics, Product-Market Fit, Founders",Clubhouse,https://www.clubhouse.com,Live audio conversation platform,Start-ups and Entrepreneurship,Dead,2021-05-18,Audio,Podcast
Expat Money Show,https://expatmoneyshow.com/episodes/taylor-ryan/,https://podtail.se/podcast/the-expat-money-show/141-boosting-business-growth-in-denmark-taylor-rya/,Growth-Hacking Your Business In Denmark,"Growth strategy through the expat lens: building business momentum in Denmark, staying scrappy, and using modern growth tactics to win without needing “Silicon Valley conditions.”","Podcast, Interview","Finance, Entrepreneurship, Expat Life, Business","Growth Hacking, Denmark, Expat Business, Startup Growth, Marketing Strategy",Expat Money Show,https://expatmoneyshow.com,"Expat finance, business, and freedom podcast",Start-ups and Entrepreneurship,Live,2021-07-12,Audio,Podcast
Reputation Capital,https://www.stitcher.com/show/reputation-capital/episode/03-taylor-ryan-building-business-in-the-dark-85307740,,Building Business In The Dark,"Bootstrapping from the shadows: making progress with limited resources, staying sharp under constraints, and building momentum when you can’t just throw money at the problem.","Podcast, Interview","Entrepreneurship, Business Strategy","Bootstrapping, Entrepreneurship, Strategy, Grit, Growth",Reputation Capital,,Business and entrepreneurship podcast,Start-ups and Entrepreneurship,Dead,2021-11-05,Audio,Podcast
Love The Problem,https://anchor.fm/love-the-problem/episodes/15---Taylor-Ryan-and-barreling-towards-growth-marketing-e5mpk3,,Barreling Towards Growth Marketing,"A fast-paced conversation on aggressive growth marketing, getting traction through experimentation, and building systems that keep working after the hype fades.","Podcast, Interview","Marketing, Growth, Startups","Growth Marketing, Experimentation, Acquisition, Startup Tactics, Momentum",Love The Problem,https://anchor.fm/love-the-problem,Growth and founder problem-solving podcast,Digital Marketing Sales,Live,2019-09-30,Audio,Podcast
The Innovare Podcast,https://www.youtube.com/watch?v=wieVzWdI4rE,,Born An Entrepreneur,"Founder mindset, entrepreneurial grit, and the realities of building something from nothing. More real talk than motivational quotes.","Podcast, Interview","Entrepreneurship, Innovation, Startups","Entrepreneurship, Mindset, Startups, Resilience, Founder Journey",Capitol Presence,https://www.youtube.com/@capitolpresence,Entrepreneurship and leadership media channel,Start-ups and Entrepreneurship,Live,2020-10-05,Video,Podcast
The Sales Development Podcast,https://youtu.be/KWNdbb8_5tQ,,Marketing Secrets For Sales Development,"How marketing actually supports pipeline: messaging that converts, outbound alignment, and the growth moves that help SDR teams book more real meetings.","Video, Interview","Sales, Marketing, B2B","Sales Enablement, Pipeline, Demand Gen, SDR, Growth",Tenbound,https://tenbound.com,Sales development community and media platform,Digital Marketing Sales,Live,2021-04-12,Video,Podcast
Feed Your Brain,https://creators.spotify.com/pod/profile/feedyourbrain/episodes/121-with-Taylor-Ryan-Marketing-in-2019--Connecting-Corporates-and-Startups--Learnings-from-building-different-startups-e4u1u2,https://www.stitcher.com/podcast/feed-your-brain,How Do Startups And Corporates Work Together,"Collaboration strategy between startups and corporates: partnership dynamics, innovation friction, and what each side needs to make “working together” actually work.","Podcast, Interview","Innovation, Corporate Strategy, Startups","Corporate Innovation, Partnerships, Ecosystems, Collaboration, Strategy",Feed Your Brain,https://open.spotify.com/show/6b9YeL5VJGyPA5s3bICmgF,Innovation and startup collaboration podcast,Corporate Innovation,Live,2019-09-02,Audio,Podcast
Confessions of a Marketer,https://youtu.be/9-Ei9A8y114?si=X5FBA8Lf8XOAzZ9K,,Hack Your Marketing,"Growth hacking without the buzzwords: what it really means, how to apply it immediately, plus LinkedIn war stories, SEO talk, and the trends worth paying attention to in 2019.","Podcast, Interview","Marketing, Growth, Innovation","Growth Hacking, LinkedIn, SEO, Marketing Trends, Experimentation",Confessions of a Marketer,https://toppodcast.com/podcast_feeds/confessions-of-a-marketer/,Candid marketing strategy podcast,Digital Marketing Sales,Live,2019-03-06,Audio,Podcast
GoToLaunchStreet,https://www.gotolaunchstreet.com/podcast/taylor-ryan/,,Using a Growth Hacking Mindset To Drive Innovation,"Growth hacking framed as innovation discipline: how advocates inside teams push change forward, and why experimentation beats debate when you’re trying to move faster than the market.","Podcast, Interview","Innovation, Marketing, Strategy","Growth Hacking, Innovation, Experimentation, Innovation Advocacy, Systems",Everyday Innovators,https://everydayinnovators.ai/,Innovation training and podcast platform,Corporate Innovation,Live,2018-02-01,Audio,Podcast
The Innovation Engine Podcast - 3 Pillar Global,https://www.podchaser.com/podcasts/the-innovation-engine-podcast-42535/episodes/156-leading-managing-innovatio-38870998,https://open.spotify.com/episode/4renUZznBuJpJR8R7NW7Gf,Leading & Managing Innovation (with Taylor Ryan),"Innovation is messy, so stop pretending it’s a spreadsheet. We dig into top-down vs bottom-up innovation, why “measuring innovation” is mostly a mirage, and how smart teams build cultures that reward learning fast, not playing safe.","Podcast, Interview","Innovation, Leadership, Enterprise, Technology, Strategy","Innovation leadership, Experimentation culture, Measuring innovation, Corporate innovation, AI startup discovery",3 Pillar Global,https://www.3pillarglobal.com,Product development and software services firm behind The Innovation Engine podcast.,Corporate Innovation,Live,2019-04-17,Audio,Podcast
Inside The Firm,https://soundcloud.com/user-444216029/102-an-interview-with-taylor-ryan,,Inside the Firm: Interview with Taylor Ryan,"A straight talk conversation on growing a business without fluff, what actually drives marketing momentum, and how founders can turn chaos into repeatable traction.","Podcast, Interview","Architecture, Entrepreneurship, Marketing, Small Business, Business Growth","Marketing strategy, Startup mindset, Client acquisition, Growth systems, Positioning",Inside The Firm,https://www.insidethefirmpodcast.com,Architecture and business podcast focused on running and scaling a design firm.,Other,Live,2019-03-16,Audio,Podcast
Innovate 2 Grow Experts (I2GE),https://i2ge.com/podcasts/p288-denmark-innovation-leader-choosing-best-start-ups/,,Denmark Innovation Leader: Choosing Best Start Ups,"How leaders spot “real” startups early, filter hype from signal, and evaluate teams, traction, and market fit with an investor-grade lens.","Podcast, Interview","Innovation, Investment, Startups, Corporate Strategy, Denmark","Startup evaluation, Due diligence, Innovation strategy, Investment mindset, Ecosystem signals",Innovate2Grow Experts (I2GE),https://i2ge.com,Innovation consultancy and podcast on proven best practices for breakthrough innovation.,Corporate Innovation,Live,2018-09-02,Audio,Podcast
Vengreso Marketing Podcast,https://youtu.be/Cm3ifpCjqyw?si=Ceq3uG9eq7mM6yAP,https://vengreso.com/blog/marketing-department-taylor-ryan,Why Every Marketing Department Should Be Its Own Agency,"Why the best marketing teams operate like internal agencies, with clear ownership, tight creative workflows, and performance accountability built into the culture.","Video, Blog Post, Interview","Marketing, B2B, SaaS, Organizational Strategy, Sales Enablement","In-house agency, Team structure, Marketing operations, Efficiency, Revenue alignment",Vengreso,https://vengreso.com,Sales and marketing consulting firm focused on modern selling and enablement.,Digital Marketing Sales,Live,2023-05-10,Video,Podcast
Idea to Value Podcast,https://youtu.be/YGGpvSBfdqU,,Benefits of Corporate-Startup Collaboration,"Corporate-startup partnerships only work when both sides stop playing politics and start designing for speed. We break down collaboration models, common failure points, and how to turn pilots into momentum.","Video, Interview","Corporate Innovation, Startups, Partnerships, Strategy, Technology","Open innovation, Collaboration models, Partnership tactics, Pilot programs, Corporate agility",Idea to Value,https://www.ideatovalue.com,"Corporate innovation community sharing frameworks, interviews, and practical playbooks.",Corporate Innovation,Live,2019-06-12,Video,Podcast
A History of Architecture Podcast,https://itunes.apple.com/pe/podcast/history-architecture-lapsus/id959437457,,"Interview on Design Thinking, UX, and Architecture","How design thinking and UX principles translate into better architecture, clearer decision-making, and products people actually want to use (instead of just tolerate).","Podcast, Interview","Architecture, UX, Design, Innovation, Education","Design thinking, UX strategy, Human-centered design, Architecture process, Product mindset",A History of Architecture Podcast,https://itunes.apple.com/pe/podcast/history-architecture-lapsus/id959437457,"Architecture podcast exploring history, design thinking, and the future of the built world.",Other,Live,2019-02-11,Audio,Podcast
The Marketing Innovation Show (Marketiu),https://youtu.be/LlwzjbQlBYQ,https://marketiu.com/blog/marketing-hacks-tools-the-marketing-innovation-show,Marketing Hacks and Tools,"A rapid-fire tour of marketing tools, scrappy growth tactics, and smart experimentation, built for teams who want results without bloated budgets.","Video, Interview","Marketing, Technology, Startups, MarTech, Growth","Marketing tools, Growth hacks, Experimentation, Automation, Lean execution",Marketiu,https://marketiu.com,"Marketing podcast and content hub spotlighting tools, hacks, and growth playbooks.",Digital Marketing / Growth-Hacking,Live,2020-05-28,Video,Podcast
The Marketing Innovation Show (Marketiu),https://open.spotify.com/episode/2jyhyb0jeGP0L9AwjEv8Go,,Content Marketing Trends for 2019,"The content trends that actually matter, what to ignore, and how to build a publishing engine that compounds instead of burning out after three posts.","Podcast, Interview","Content Marketing, Digital Marketing, Trends, Strategy, Media","Content strategy, Distribution, Audience growth, 2019 trends, Brand building",Marketiu,https://marketiu.com,"Marketing podcast and content hub spotlighting tools, hacks, and growth playbooks.",Digital Marketing / Growth-Hacking,Live,2019-12-05,Audio,Podcast
Blog Talk Radio,https://www.podomatic.com/podcasts/kugarand/episodes/2019-02-19T19_00_00%2B00_00,,Yet Another Way AI Is Making Business More Efficient,"AI is not just “future tech”, it’s a lever for cutting busywork, tightening operations, and making smarter business decisions faster. A practical discussion on efficiency and real-world impact.","Podcast, Interview","AI, Business, Entrepreneurship, Investing, Automation","AI efficiency, Process automation, Productivity, Innovation, Founder operations",Compassionate Capitalist Show (Karen Rands),https://www.podomatic.com/podcasts/kugarand,Angel investing and founder finance podcast hosted by Karen Rands.,AI and Automation,Live,2019-02-19,Audio,Podcast
Earnworthy,https://earnworthy.com/frictionless-forms-taylor-ryan/,,Frictionless Forms,Forms kill conversions when they feel like paperwork. This episode focuses on stripping friction out of lead capture and UX flows so intent turns into action.,"Podcast, Interview","UX, Conversion Optimization, Marketing, Product, SaaS","Form optimization, Conversion rate, UX friction, Lead gen, Funnel performance",Earnworthy,https://earnworthy.com,Growth-focused content exploring conversion and marketing performance levers.,Product,Dead,2021-10-07,Audio,Podcast
Wild Business Growth Podcast,https://soundcloud.com/wildbusinessgrowthpodcast/29-taylor-ryan-artificial,https://www.hippodirect.com/blog/wild-business-growth-podcast-29-taylor-ryan-artificial-intelligence-ai-and-innovation-chief-marketing-officer-of-valuer/,AI and Innovation: Valuer CMO Insights,"How AI changes corporate innovation, what actually drives enterprise growth, and the tactics behind shortening sales cycles while scaling lead generation.","Podcast, Interview","AI, Innovation, B2B SaaS, Enterprise, Marketing","AI innovation, Enterprise growth, Sales cycle, Lead gen, Corporate-startup matching",Wild Business Growth Podcast,https://soundcloud.com/wildbusinessgrowthpodcast,"Interview podcast on business growth tactics, founders, and go-to-market strategy.",AI and Automation,Live,2021-02-14,Audio,Podcast
Art of Construction,https://audioboom.com/posts/6297156-tools-to-help-you-and-your-crew-get-ahead-in-the-construction-industry,,Tools to Help You and Your Crew Get Ahead in the Construction Industry,"Construction teams win with better systems, not more hustle. We talk tools, workflows, and innovation tactics that help crews move faster and stay profitable.","Podcast, Interview","Construction, AEC, Marketing, Technology, Innovation","Construction productivity, Innovation tools, Operations, Field workflows, Growth tactics",Art of Construction,https://audioboom.com/channels/3045781-the-art-of-construction,"Construction podcast covering leadership, tools, and building better businesses.","Architecture, Engineering & Construction (AEC)",Live,2021-11-02,Audio,Podcast
The BreakOut Growth Podcast (Sean Ellis),https://seanellis.substack.com/p/whats-helping-valuer-decrease-the-228,https://podcasts.apple.com/us/podcast/the-breakout-growth-podcast/id1483574236?i=1000459393478,What’s Helping Valuer Decrease the Sales Cycle for Enterprise B2B Clients,"Behind Valuer’s growth engine: content-driven acquisition, conversion tweaks that reduce friction, and a surprisingly short enterprise sales cycle powered by tight lead handling and smart targeting.","Podcast, Interview","B2B SaaS, Enterprise Sales, Growth Marketing, Innovation, AI","Sales cycle, Content marketing, Organic acquisition, Conversion optimization, Lead capture",Growth with Sean Ellis,https://seanellis.substack.com,Growth podcast interviewing leaders behind breakout scale and repeatable growth systems.,Start-ups and Entrepreneurship,Live,2019-12-12,Audio,Podcast
Crush Your Quota,https://youtu.be/d-aMPIFp7DY,,Marketing with Bootstrapped Methodologies in Quarantine w/ Taylor Ryan,"Bootstrapped growth when everything changed, ruthless prioritization, fast tests, and scrappy channels that still moved the needle during quarantine.",Video episode (YouTube),"startups, digital marketing, SaaS, entrepreneurship, sales","enablement, bootstrapping, growth experiments, lean marketing, quarantine pivots",Crush Your Quota,https://KlintMarketing.com,Sales and growth interview series,Digital Marketing Sales,Live,09-10-2021,video,Podcast
Built With Ecom Podcast,https://www.listennotes.com/e/22d34fc29b0b4bfabda7cc9f292d5a44/,,Taylor Ryan Growth Marketing,"Growth marketing systems for ecommerce, what actually scales, how to think in experiments, and where teams waste budget when they skip fundamentals.",Podcast episode page,"ecommerce, digital marketing, startups, DTC, SaaS","growth marketing, experimentation, acquisition, funnels, positioning",Built With Ecom Podcast,https://ivn.dk/,Ecommerce podcast on building and scaling online brands,Digital Marketing Sales,Live,2020-06-24,audio,Podcast
Startup Club (Clubhouse),https://www.joinclubhouse.com/event/MEpA2NE3,,Marketing for Digital Startups,"Live, tactical discussion on getting early traction, building a repeatable acquisition loop, and avoiding the classic startup marketing traps.",Live audio room (Clubhouse),"startups, digital marketing, entrepreneurship, community, SaaS","go-to-market, early traction, acquisition, community building, growth loops",Startup Club,https://www.clubhouse.com/,Startup community hosting live audio rooms,Start-ups and Entrepreneurship,Dead,N/A,audio,Podcast
Love the Problem,https://creators.spotify.com/pod/show/love-the-problem/episodes/15---Taylor-Ryan-and-barreling-towards-growth-marketing-e5mpk3,https://open.spotify.com/episode/06EYOe0P7uOdtnsWzFTF2w,"15: Taylor Ryan, Barreling Towards Growth Marketing","Career story meets practical growth, how to build momentum with limited resources, and why speed and focus beat “perfect” every time.",Podcast episode page,"startups, digital marketing, entrepreneurship, SaaS, media","growth marketing, bootstrapping, experimentation, career, founder mindset",Love the Problem,https://x.com/startup42media,Founder stories and growth lessons podcast,Start-ups and Entrepreneurship,Live,2019-09-30,audio,Podcast
Inside Outside Innovation,https://insideoutside.io/podcast/ep-155-valuer-ais-taylor-ryan-on-startup-corporate-matchmaking-through-data-crowdsourcing/,,Taylor Ryan on Startup-Corporate Matchmaking Through Data & Crowdsourcing,"Crowdsourced intelligence to match startups with corporates, what makes partnerships actually work, and how Valuer.ai approached innovation with data.",Podcast episode page,"corporate innovation, startups, venture, SaaS, enterprise innovation","innovation scouting, partnerships, data crowdsourcing, startup-corporate matchmaking, ecosystem building",Inside Outside Innovation,https://insideoutside.io/,Corporate Innovation,Innovation,Live,2019-07-09,audio,Podcast
"A History of Architecture, the Fundamental Process Podcast",https://podcasts.apple.com/us/podcast/057-with-taylor-ryan-about-the-future-of-design/id959437457?i=1000431567449,,057: With Taylor Ryan About the Future of Design,"Design thinking, user experience, and where product and architecture collide, plus a forward-looking take on how “good design” evolves.",Podcast episode page,"architecture, design, UX, education, product","design thinking, user experience, architecture, future of design, product design",Fundamental Process,https://www.fundamentalprocess.com/,Architecture and design theory podcast,Other,Live,2019-02-11,audio,Podcast
The Compassionate Capitalist,https://www.podomatic.com/podcasts/kugarand/episodes/2019-02-19T19_00_00+00_00,,Yet Another Way AI Is Making Business More Efficient,"AI as a force-multiplier for ops, marketing, and decision-making, what “efficiency” really means in practice, and where leaders should lean in first.",Podcast episode page,"investing, entrepreneurship, AI, business, startups","AI automation, efficiency, ops, productivity, entrepreneurship",The Compassionate Capitalist,,Angel investing and fundraising show for founders,Start-ups and Entrepreneurship,Live,2019-02-19,audio,Podcast
,,,,,,,,,,,,,,,
Linkedin Live,,,,,,,,,,,,,,,
LinkedIn Live,https://www.linkedin.com/posts/taylorryan_exploding-growth-on-new-platforms-tiktok-activity-6706595647061073920-fGZP,,Exploding Growth on New Platforms - TikTok has generated a TON of value,"Sit-down with Shanon Marks on why TikTok became a breakout channel, plus how to spot and exploit new platforms before they get saturated.",LinkedIn Live,"Social Media, Digital Marketing, Creator Economy, Consumer Apps","TikTok Growth, New Platforms, Content Strategy, Experimentation",LinkedIn,https://www.linkedin.com,Professional networking and career content platform,Digital Marketing / Growth-Hacking,Live,N/A,Video,Linkedin Live
LinkedIn Live,https://www.linkedin.com/posts/taylorryan_live-with-max-elsterceo-office-at-starmind-activity-6663870772756520960-UD1-,,Live with Max ElsterCEO Office at Starmind + Mike Mahlkow Co-Founder & CEO of Blair,"Live panel on how startups keep moving during uncertainty, the future of work, and how AI-driven knowledge sharing changes how teams execute.",LinkedIn Live,"Innovation, Future of Work, HR Tech, Startups, AI","Startup Resilience, Future of Work, AI Strategy, Knowledge Management, Team Execution",LinkedIn,https://www.linkedin.com,Professional networking and career content platform,Innovation,Live,N/A,Video,Linkedin Live
LinkedIn Live,https://www.linkedin.com/posts/taylorryan_rapid-experimentation-rgi-activity-6734880668616130562-L9Lx,,Rapid Experimentation - RGI,"Rapid experimentation session with Really Good Innovation, focused on faster test cycles, learning loops, and building innovation muscle when priorities shift mid-stream.",LinkedIn Live,"Innovation, Product, Corporate Strategy, R&D","Rapid Experimentation, Testing Culture, Innovation Process, Learning Loops",LinkedIn,https://www.linkedin.com,Professional networking and career content platform,Innovation,Live,N/A,Video,Linkedin Live
LinkedIn Live,https://www.linkedin.com/posts/taylorryan_lessons-from-2008-where-you-should-allocate-activity-6663317548676845569-1JLk,,Lessons from 2008 - Where you should allocate time + Resources,"Lessons and case studies from the 2008 downturn, what to cut, what to double down on, and how bootstrapped execution can move you from underdog to market leader.",LinkedIn Live,"Business Strategy, Entrepreneurship, Finance, Startups","Recession Playbook, Resource Allocation, Bootstrapping, Competitive Strategy",LinkedIn,https://www.linkedin.com,Professional networking and career content platform,Entrepreneurship,Live,N/A,Video,Linkedin Live
LinkedIn Live,https://www.linkedin.com/posts/taylorryan_marketing-innovation-business-pivots-activity-6659001813582381056-NMB_,,Marketing + innovation + business pivots during the economic crisis and AFTER.,"Breakdown of recession winners and pivots, where to keep spending, how to unlock new revenue streams, and why marketing turns into offense (not overhead) during chaos.",LinkedIn Live,"Marketing, Business Strategy, Entrepreneurship, Startups","Business Pivots, Recession Strategy, Revenue Models, Marketing ROI, Innovation",LinkedIn,https://www.linkedin.com,Professional networking and career content platform,Digital Marketing / Growth-Hacking,Live,N/A,Video,Linkedin Live
LinkedIn Live,https://www.linkedin.com/posts/taylorryan_how-i-got-into-growth-hacking-recognizing-activity-6656461145962098688-VLQd,,How I got into Growth-Hacking - Recognizing Opportunities in BAD Economy,"Real talk career story: getting experience without the perfect job, learning a craft, surviving mistakes, and building momentum during a tough economy using growth-hacking thinking.",LinkedIn Live,"Digital Marketing, Career Development, Entrepreneurship, Education","Growth Hacking, Career Strategy, Skill Building, Resilience, Startup Lessons",LinkedIn,https://www.linkedin.com,Professional networking and career content platform,Digital Marketing / Growth-Hacking,Live,N/A,Video,Linkedin Live
LinkedIn Live,https://www.linkedin.com/posts/taylorryan_growth-hacking-and-landing-pages-growth-activity-6653231843858616320-coBd,,Growth-Hacking and Landing Pages: Growth Secrets,"Interview with conversion expert Pedro Cortés on landing pages vs homepages, copy that converts, keyword analysis, and experimentation tools for UX insight.",LinkedIn Live,"UX, Conversion Optimization, Digital Marketing, SaaS","Landing Pages, CRO, Copywriting, Keyword Research, Experimentation",LinkedIn,https://www.linkedin.com,Professional networking and career content platform,Digital Marketing / Growth-Hacking,Live,N/A,Video,Linkedin Live
LinkedIn Live,https://www.linkedin.com/posts/taylorryan_growth-hacks-free-resources-growth-during-activity-6651755116833705986-wqmE,,Growth-Hacks | Free Resources | Growth During Covid19,"Tactical session on staying aggressive during COVID, using free tools, growth hacks, and momentum plays while competitors pull back.",LinkedIn Live,"Digital Marketing, Startups, Crisis Management, Tools","Growth Hacks, Free Tools, Crisis Marketing, Momentum, Competitive Advantage",LinkedIn,https://www.linkedin.com,Professional networking and career content platform,Digital Marketing / Growth-Hacking,Live,N/A,Video,Linkedin Live
LinkedIn Live,https://www.linkedin.com/posts/taylorryan_growth-secrets-klint-marketing-interview-activity-6668876499631923200-pVjE,,Growth Secrets: Klint Marketing - Interview With Tamara Ghandour,"Conversation with Tamara Ghandour (Go to Launch Street) on human-centric innovation, how industries change in a new economy, and when to defend the core vs chase new growth models.",LinkedIn Live,"Innovation, Leadership, Strategy, Consulting","Human-Centric Innovation, Change Leadership, Growth Models, Strategy, Innovation Culture",LinkedIn,https://www.linkedin.com,Professional networking and career content platform,Digital Marketing / Growth-Hacking,Live,N/A,Video,Linkedin Live
LinkedIn Live,https://www.linkedin.com/posts/taylorryan_value-bomb-where-i-learn-and-discover-marketing-activity-6677094260661071872-JePB,,Value BOMB! Where I Learn and Discover Marketing Tools,"Where the best tactics actually come from: the communities, sites, and forums that feed your next experiments, plus the mindset of never being “done learning.”",LinkedIn Live,"Marketing, Community, Professional Development, Tools","Marketing Tools, Learning Loops, Communities, Inspiration, Tactic Discovery",LinkedIn,https://www.linkedin.com,Professional networking and career content platform,Digital Marketing / Growth-Hacking,Live,N/A,Video,Linkedin Live
LinkedIn Live,https://www.linkedin.com/posts/taylorryan_how-to-get-a-20-jump-in-organic-traffic-activity-6693755668970704896-9Wll,,How to get a 20%+ jump in Organic Traffic Over Night,"Quick-hit SEO session on what’s driving recent wins, and how to stack small changes into a noticeable organic traffic spike.",LinkedIn Live,"SEO, Content Marketing, Digital Marketing","SEO Quick Wins, Organic Traffic, On-Page Optimization, Growth Experiments",LinkedIn,https://www.linkedin.com,Professional networking and career content platform,Digital Marketing / Growth-Hacking,Live,N/A,Video,Linkedin Live
LinkedIn Live,https://www.linkedin.com/posts/taylorryan_startup-advice-for-tech-startups-and-beyond-activity-6702512752889528320-07Wj,,Startup Advice for Tech Startups and Beyond,"Practical startup advice for tech teams, covering execution habits, prioritization, and the operating rhythm that keeps growth compounding.",LinkedIn Live,"Startups, Technology, Entrepreneurship, Management","Startup Advice, Prioritization, Execution Systems, Growth Mindset",LinkedIn,https://www.linkedin.com,Professional networking and career content platform,Start-ups,Live,N/A,Video,Linkedin Live
LinkedIn Live,https://www.linkedin.com/posts/taylorryan_startup-advice-for-tech-startups-and-beyond-activity-6702512752889528320-07Wj,Fabian Böck + Klint,Startup Advice: How has my workflow changed?,"How the workflow evolved under pressure, what got simplified, what got automated, and the habits that kept execution fast without burning out.",LinkedIn Live,"startups, leadership, operations, digital marketing, productivity","workflows, systems, remote work, execution, founder ops",LinkedIn,https://www.linkedin.com/,Professional network for business content and live streams,Leadership,Live,2020-08-21,video,Linkedin Live
LinkedIn Live,https://www.linkedin.com/posts/taylorryan_growth-hacking-and-landing-pages-growth-activity-6653231843858616320-coBd,Pedro Cortés + Klint,Landing Page Optimization and UX with Pedro Cortés,"Landing pages that convert, the UX mistakes that kill signups, and how to test messaging and layout without “redesigning the whole world.”",LinkedIn Live,"digital marketing, conversion optimization, SaaS, startups, ecommerce","landing pages, CRO, UX, A/B testing, messaging",LinkedIn,https://www.linkedin.com/,Professional network for business content and live streams,Digital Marketing Sales,Live,2020-04-07,video,Linkedin Live
LinkedIn Live,https://www.linkedin.com/posts/taylorryan_exploding-growth-on-new-platforms-tiktok-activity-6706595647061073920-fGZP,Shannon Marks + Klint,Innovation vs Innovation Theater with Shannon Marks,"Calling out performative innovation, what real innovation signals look like, and how teams can ship outcomes instead of slide decks.",LinkedIn Live,"corporate innovation, startups, leadership, digital marketing, product","innovation strategy, execution, culture, experimentation, avoiding theater",LinkedIn,https://www.linkedin.com/,Professional network for business content and live streams,Corporate Innovation,Live,2020-09-01,video,Linkedin Live
LinkedIn Live,https://www.linkedin.com/posts/taylorryan_live-with-max-elsterceo-office-at-starmind-activity-6663870772756520960-UD1-,CEO of Starmind + Founder of Blair,Start-ups and Growth During Uncertain Times,"How startups kept growing in uncertainty, what leaders did differently, and where decision-making got sharper when resources got tight.",LinkedIn Live,"startups, leadership, SaaS, entrepreneurship, venture","uncertainty, leadership, resilience, growth strategy, execution",LinkedIn,https://www.linkedin.com/,Professional network for business content and live streams,Start-ups and Entrepreneurship,Live,2020-05-06,video,Linkedin Live
LinkedIn Live,https://www.linkedin.com/posts/taylorryan_rapid-experimentation-rgi-activity-6734880668616130562-L9Lx,RGI - Really Good Innovation Summit,Really Good Innovation: Webinar to LinkedIn,"Rapid experimentation, tighter feedback loops, and how innovation teams can validate ideas faster with fewer meetings and clearer gates.",LinkedIn Live,"corporate innovation, startups, leadership, product, operations","experimentation, validation, innovation ops, feedback loops, testing",LinkedIn,https://www.linkedin.com/,Professional network for business content and live streams,Corporate Innovation,Live,2020-11-18,video,Linkedin Live